LegacyURL,Clicks,Position,Action,Category,NewURL_or_Target,RedirectType
/blog/what-is-canada-known-for/,7163,0,DELETE,blog-news-trivia,—,410
/move-from/move-to-canada-from-uk/,3052,0,KEEP,country-page,/move-to-canada/from-uk/,—
/move-from/move-to-canada-from-australia/,3044,0,KEEP,country-page,/move-to-canada/from-australia/,—
/edmonton/pros-and-cons-of-living-in-edmonton-alberta/,2530,0,CONSOLIDATE,city-relocation,/move-to-canada/edmonton/,301
/faqs/proof-of-work-experience/,2211,0,KEEP,faq,/faqs/proof-of-work-experience/,—
/move-from/life-in-canada-vs-france-comprehensive-comparison/,2151,0,KEEP,country-page,/move-to-canada/from-france/,—
/move-from/life-in-canada-vs-ireland-comparison/,1574,0,KEEP,country-page,/move-to-canada/from-ireland/,—
/resources/how-to-get-a-job-offer-in-canada-from-outside/,1472,0,KEEP,guide,/guides/how-to-get-a-job-offer-in-canada-from-outside/,—
/move-from/move-to-canada-from-ireland/,1384,0,KEEP,country-page,/move-to-canada/from-ireland/,—
/move-from/move-to-canada-from-germany/,1320,0,KEEP,country-page,/move-to-canada/from-germany/,—
/faqs/imm-5409/,1279,0,KEEP,faq,/faqs/imm-5409/,—
/blog/pgwp-extension-2024/,1248,0,CONSOLIDATE,blog-evergreen,/work/post-graduation-work-permit/,301
/move-from/move-to-canada-from-france/,1096,0,KEEP,country-page,/move-to-canada/from-france/,—
/faqs/how-to-verify-immigration-consultant/,1084,0,KEEP,faq,/faqs/how-to-verify-immigration-consultant/,—
/move-from/move-to-canada-from-italy/,1070,0,KEEP,country-page,/move-to-canada/from-italy/,—
/faqs/can-you-immigrate-to-canada-if-you-are-over-50/,1061,0,KEEP,faq,/faqs/can-you-immigrate-to-canada-if-you-are-over-50/,—
/move-from/move-to-canada-from-mexico/,1056,0,KEEP,country-page,/move-to-canada/from-mexico/,—
/move-from/move-to-canada-from-netherlands/,1041,0,KEEP,country-page,/move-to-canada/from-netherlands/,—
/move-from/life-in-canada-vs-new-zealand/,1020,0,KEEP,country-page,/move-to-canada/from-new-zealand/,—
/move-from/move-to-canada-from-sweden/,980,0,KEEP,country-page,/move-to-canada/from-sweden/,—
/faqs/what-is-the-lonely-canadian-rule/,958,0,KEEP,faq,/faqs/what-is-the-lonely-canadian-rule/,—
/move-from/move-to-canada-from-new-zealand/,908,0,KEEP,country-page,/move-to-canada/from-new-zealand/,—
/express-entry/express-entry-crs-score-calculator/,798,0,KEEP,tool,/tools/crs-calculator/,—
/labour-market-impact-assessment/low-wage-lmia/,796,0,KEEP,service,/work/lmia/low-wage/,—
/,753,0,KEEP,core,/,—
/edmonton/best-schools-in-edmonton/,740,0,DELETE,city-utility,—,410
/move-from/move-to-canada-from-japan/,702,0,KEEP,country-page,/move-to-canada/from-japan/,—
/move-from/move-to-canada-from-poland/,695,0,KEEP,country-page,/move-to-canada/from-poland/,—
/move-from/move-to-canada-from-portugal/,689,0,KEEP,country-page,/move-to-canada/from-portugal/,—
/vancouver/why-is-vancouver-so-expensive/,683,0,DELETE,city-utility,—,410
/vancouver/is-vancouver-a-good-place-to-live/,651,0,CONSOLIDATE,city-relocation,/move-to-canada/vancouver/,301
/faqs/can-i-leave-canada-after-applying-for-spousal-sponsorship/,646,0,KEEP,faq,/faqs/can-i-leave-canada-after-applying-for-spousal-sponsorship/,—
/faqs/sponsor-boyfriend-to-canada/,608,0,KEEP,faq,/faqs/sponsor-boyfriend-to-canada/,—
/vancouver/affordable-places-to-live-near-vancouver/,606,0,CONSOLIDATE,city-relocation,/move-to-canada/vancouver/,301
/faqs/why-do-people-immigrate-to-canada/,604,0,CONSOLIDATE,faq-thin,/faqs/,301
/move-from/move-to-canada-from-belgium/,595,0,KEEP,country-page,/move-to-canada/from-belgium/,—
/blog/cover-letter-for-ski-season/,536,0,DELETE,blog-news-trivia,—,410
/move-from/move-to-canada-from-spain/,532,0,KEEP,country-page,/move-to-canada/from-spain/,—
/labour-market-impact-assessment/lmia-permanent-resident-stream/,526,0,KEEP,service,/work/lmia/permanent-resident-stream/,—
/fees/,518,0,KEEP,core,/fees/,—
/move-from/life-in-canada-vs-germany-comparison/,515,0,KEEP,country-page,/move-to-canada/from-germany/,—
/faqs/cover-letter-for-permanent-residence-application/,500,0,CONSOLIDATE,faq-thin,/faqs/,301
/move-from/move-to-canada-from-greece/,494,0,KEEP,country-page,/move-to-canada/from-greece/,—
/move-from/life-in-canada-vs-australia-complete-expat-comparison/,482,0,KEEP,country-page,/move-to-canada/from-australia/,—
/move-from/move-to-canada-from-norway/,474,0,KEEP,country-page,/move-to-canada/from-norway/,—
/move-from/life-in-canada-vs-uk/,466,0,KEEP,country-page,/move-to-canada/from-uk/,—
/canmore/canmore-coffee-shops/,454,0,DELETE,city-utility,—,410
/move-from/move-to-canada-from-switzerland/,436,0,KEEP,country-page,/move-to-canada/from-switzerland/,—
/vancouver/moving-to-vancouver-island/,370,0,CONSOLIDATE,city-relocation,/move-to-canada/vancouver/,301
/faqs/understanding-lmia-cap/,360,0,KEEP,faq,/faqs/understanding-lmia-cap/,—
/vancouver/how-to-make-friends-in-vancouver/,357,0,DELETE,city-utility,—,410
/vancouver/is-vancouver-safer-than-toronto/,345,0,DELETE,city-utility,—,410
/faqs/what-crimes-can-get-you-deported-from-canada/,303,0,KEEP,faq,/faqs/what-crimes-can-get-you-deported-from-canada/,—
/faqs/bank-statement-for-express-entry-proof-of-funds/,301,0,KEEP,faq,/faqs/bank-statement-for-express-entry-proof-of-funds/,—
/move-from/move-to-canada-from-taiwan/,294,0,CONSOLIDATE,country-fold,/move-to-canada/,301
/calgary/ottawa-vs-calgary/,285,0,DELETE,city-misc,—,410
/vancouver/discover-the-best-places-to-live-on-vancouver-island/,276,0,CONSOLIDATE,city-relocation,/move-to-canada/vancouver/,301
/calgary/best-places-to-live-in-alberta-2024/,251,0,CONSOLIDATE,city-relocation,/move-to-canada/calgary/,301
/move-from/move-to-canada-from-denmark/,235,0,KEEP,country-page,/move-to-canada/from-denmark/,—
/edmonton/how-to-make-friends-in-edmonton/,205,0,DELETE,city-utility,—,410
/move-from/move-to-canada-from-lithuania/,199,0,CONSOLIDATE,country-fold,/move-to-canada/,301
/move-from/move-to-canada-from-croatia/,188,0,CONSOLIDATE,country-fold,/move-to-canada/,301
/faqs/how-long-does-spousal-sponsorship-take-in-canada-2024/,185,0,KEEP,faq,/faqs/how-long-does-spousal-sponsorship-take-in-canada-2024/,—
/move-from/move-to-canada-from-chile/,182,0,CONSOLIDATE,country-fold,/move-to-canada/,301
/faqs/benefits-of-marrying-a-canadian-citizen/,176,0,KEEP,faq,/faqs/benefits-of-marrying-a-canadian-citizen/,—
/canmore/canmore-webcams/,168,0,DELETE,city-utility,—,410
/faqs/how-many-lmias-can-an-employer-get-in-canada/,165,0,KEEP,faq,/faqs/how-many-lmias-can-an-employer-get-in-canada/,—
/faqs/how-long-is-medical-valid-for-canada-immigration/,164,0,KEEP,faq,/faqs/how-long-is-medical-valid-for-canada-immigration/,—
/faqs/proof-of-funds-express-entry/,159,0,KEEP,faq,/faqs/proof-of-funds-express-entry/,—
/vancouver/is-north-vancouver-safe/,158,0,DELETE,city-utility,—,410
/move-from/move-to-canada-from-south-korea/,154,0,CONSOLIDATE,country-fold,/move-to-canada/,301
/blog/are-forks-illegal-in-canada/,151,0,DELETE,blog-news-trivia,—,410
/faqs/age-limit-for-canadian-immigration/,149,0,KEEP,faq,/faqs/age-limit-for-canadian-immigration/,—
/labour-market-impact-assessment/high-wage-lmia/,144,0,KEEP,service,/work/lmia/high-wage/,—
/express-entry/clb-calculator/,142,0,KEEP,tool,/tools/clb-calculator/,—
/express-entry/use-of-a-representative/,136,0,CONSOLIDATE,service,/immigrate/express-entry/,301
/canmore/living-in-canmore/,118,0,CONSOLIDATE,city-relocation,/move-to-canada/canmore/,301
/move-from/move-to-canada-from-czech-republic/,114,0,CONSOLIDATE,country-fold,/move-to-canada/,301
/blog/super-visa-vs-visitor-visa/,113,0,CONSOLIDATE,blog-evergreen,/visit/super-visa/,301
/blog/how-long-can-canadian-permanent-residents-stay-abroad/,105,0,CONSOLIDATE,blog-evergreen,/faqs/,301
/move-from/move-to-canada-from-slovakia/,103,0,CONSOLIDATE,country-fold,/move-to-canada/,301
/calgary/calgary-vs-winnipeg/,102,0,DELETE,city-misc,—,410
/move-from/move-to-canada-from-iceland/,95,0,CONSOLIDATE,country-fold,/move-to-canada/,301
/blog/best-place-to-live-in-canada-for-software-engineers/,92,0,DELETE,blog-news-trivia,—,410
/move-from/move-to-canada-from-usa/,92,0,KEEP,country-page,/move-to-canada/from-usa/,—
/calgary/toronto-to-calgary-road-trip-in-winter/,86,0,DELETE,city-utility,—,410
/blog/how-to-make-friends-in-toronto/,81,0,DELETE,blog-news-trivia,—,410
/calgary/best-schools-in-calgary/,75,0,DELETE,city-utility,—,410
/vancouver/montreal-vs-vancouver/,75,0,DELETE,city-misc,—,410
/toronto/richest-neighborhoods-in-toronto/,73,0,CONSOLIDATE,city-relocation,/move-to-canada/toronto/,301
/blog/how-much-do-loggers-make-in-canada/,72,0,DELETE,blog-news-trivia,—,410
/faqs/lmia-business-legitimacy/,70,0,KEEP,faq,/faqs/lmia-business-legitimacy/,—
/move-from/move-to-canada-from-estonia/,69,0,CONSOLIDATE,country-fold,/move-to-canada/,301
/toronto/montreal-vs-toronto/,69,0,DELETE,city-misc,—,410
/blog/celebrating-permanent-residency/,68,0,DELETE,blog-news-trivia,—,410
/edmonton/edmonton-neighbourhoods/,68,0,CONSOLIDATE,city-relocation,/move-to-canada/edmonton/,301
/labour-market-impact-assessment/lmia-agricultural-stream/,66,0,KEEP,service,/work/lmia/agricultural-stream/,—
/vancouver/explore-canmore-nightlife-top-bars-live-music/,66,0,DELETE,city-utility,—,410
/blog/banff-history-lesson-101/,56,0,DELETE,blog-news-trivia,—,410
/vancouver/best-places-to-live-in-vancouver/,55,0,CONSOLIDATE,city-relocation,/move-to-canada/vancouver/,301
/blog/how-do-immigrants-help-the-economy-in-canada/,54,0,DELETE,blog-news-trivia,—,410
/calgary/what-is-calgary-known-for/,54,0,DELETE,city-misc,—,410
/faqs/labour-market-impact-assessment-processing-time-2024/,54,0,CONSOLIDATE,faq-thin,/faqs/,301
/vancouver/what-is-a-good-salary-in-vancouver/,54,0,DELETE,city-utility,—,410
/calgary/how-to-make-friends-in-calgary/,53,0,DELETE,city-utility,—,410
/blog/best-time-to-move-to-canada/,50,0,CONSOLIDATE,blog-evergreen,/move-to-canada/,301
/faqs/who-can-apply-for-bridging-open-work-permit/,49,0,KEEP,faq,/faqs/who-can-apply-for-bridging-open-work-permit/,—
/calgary/cost-of-living-in-calgary-2024/,48,0,CONSOLIDATE,city-relocation,/move-to-canada/calgary/,301
/canmore/canmore-real-estate/,48,0,DELETE,city-utility,—,410
/faqs/how-to-find-your-noc-code/,48,0,KEEP,faq,/faqs/how-to-find-your-noc-code/,—
/faqs/questions-to-ask-immigration-consultant-canada/,46,0,KEEP,faq,/faqs/questions-to-ask-immigration-consultant-canada/,—
/calgary/calgary-neighbourhoods/,45,0,CONSOLIDATE,city-relocation,/move-to-canada/calgary/,301
/blog/moving-to-canada-checklist/,44,0,DELETE,blog-news-trivia,—,410
/faqs/why-are-immigration-consultants-so-expensive/,44,0,KEEP,faq,/faqs/why-are-immigration-consultants-so-expensive/,—
/contact/,43,0,KEEP,core,/contact/,—
/blog/work-a-ski-season-in-canada/,42,0,DELETE,blog-news-trivia,—,410
/faqs/are-immigration-consultants-worth-it/,41,0,KEEP,faq,/faqs/are-immigration-consultants-worth-it/,—
/faqs/gcms-notes/,40,0,CONSOLIDATE,faq-thin,/faqs/,301
/vancouver/vancouver-social-groups-connect-network-build-friendships/,39,0,DELETE,city-utility,—,410
/blog/canada-lowers-family-sponsorship-targets-2025-2027/,38,0,DELETE,blog-news-trivia,—,410
/faqs/what-is-conjugal-relationship-explained/,37,0,KEEP,faq,/faqs/what-is-conjugal-relationship-explained/,—
/immigrate/alberta-advantage-immigration-program/,37,0,KEEP,service,/immigrate/aaip/,—
/calgary/calgary-vs-montreal/,36,0,DELETE,city-misc,—,410
/calgary/calgary-vs-vancouver/,36,0,DELETE,city-misc,—,410
/blog/living-and-working-in-ontario/,35,0,DELETE,blog-news-trivia,—,410
/alberta-advantage-immigration-program/alberta-accelerated-tech-pathway/,31,0,KEEP,service,/immigrate/aaip/alberta-accelerated-tech-pathway/,—
/blog/new-pr-program-for-alberta-police-officers/,30,0,DELETE,blog-news-trivia,—,410
/move-from/move-to-canada-from-hong-kong/,30,0,CONSOLIDATE,country-fold,/move-to-canada/,301
/about/,28,0,KEEP,core,/about/,—
/calgary/living-in-calgary-vs-toronto/,27,0,CONSOLIDATE,city-relocation,/move-to-canada/calgary/,301
/vancouver/best-places-to-live-in-edmonton-for-families-2024/,27,0,CONSOLIDATE,city-relocation,/move-to-canada/vancouver/,301
/canmore/schools-in-canmore-alberta/,25,0,DELETE,city-utility,—,410
/blog/top-6-companies-lmia-exempt-work-permits-canada/,23,0,DELETE,blog-news-trivia,—,410
/calgary/free-things-to-do-in-calgary/,23,0,DELETE,city-utility,—,410
/faqs/language-requirements-express-entry-canada/,23,0,CONSOLIDATE,faq-thin,/faqs/,301
/faqs/english-test-for-express-entry/,22,0,CONSOLIDATE,faq-thin,/faqs/,301
/vancouver/vancouver-vs-toronto/,22,0,DELETE,city-misc,—,410
/faqs/pgwp-requirements-2024/,21,0,CONSOLIDATE,faq-thin,/faqs/,301
/how-to-move-to-canada/,21,0,CONSOLIDATE,prospect-hub,/move-to-canada/,301
/faqs/six-selection-factors/,20,0,KEEP,faq,/faqs/six-selection-factors/,—
/blog/lmia-new-rules-2024/,19,0,DELETE,blog-news-trivia,—,410
/calgary/immigration-consultant-calgary/,18,0,KEEP,local-service,/immigration-consultant-calgary/,—
/canmore/canmore-neighbourhoods/,18,0,CONSOLIDATE,city-relocation,/move-to-canada/canmore/,301
/faqs/how-long-financially-responsible-for-someone-you-sponsor-canada/,18,0,CONSOLIDATE,faq-thin,/faqs/,301
/faqs/how-much-bank-balance-is-required-for-canada/,18,0,CONSOLIDATE,faq-thin,/faqs/,301
/vancouver/is-vancouver-safe-to-live/,18,0,DELETE,city-utility,—,410
/calgary/calgary-vs-edmonton-for-new-immigrants/,17,0,DELETE,city-misc,—,410
/faqs/canadian-citizen-vs-permanent-resident/,17,0,CONSOLIDATE,faq-thin,/faqs/,301
/vancouver/what-is-vancouver-famous-for/,17,0,DELETE,city-misc,—,410
/blog/canada-temporary-resident-visa-guidelines/,15,0,DELETE,blog-news-trivia,—,410
/edmonton/edmonton-vs-calgary/,15,0,DELETE,city-misc,—,410
/immigrate/spousal-sponsorship-canada/,15,0,KEEP,service,/immigrate/spousal-sponsorship/,—
/alberta-advantage-immigration-program/alberta-opportunity-stream/,14,0,KEEP,service,/immigrate/aaip/alberta-opportunity-stream/,—
/blog/gap-year-canada-banff/,14,0,DELETE,blog-news-trivia,—,410
/faqs/can-i-create-2-express-entry-profiles/,14,0,CONSOLIDATE,faq-thin,/faqs/,301
/vancouver/cost-of-living-vancouver/,14,0,CONSOLIDATE,city-relocation,/move-to-canada/vancouver/,301
/faqs/good-crs-score-for-canada-pr-2024/,12,0,CONSOLIDATE,faq-thin,/faqs/,301
/blog/tr-to-pr-2022/,11,0,DELETE,blog-news-trivia,—,410
/faqs/how-much-does-lmia-cost/,11,0,CONSOLIDATE,faq-thin,/faqs/,301
/calgary/economist-most-liveable-cities-canada/,10,0,DELETE,city-misc,—,410
/canmore/best-breakfast-in-canmore/,10,0,DELETE,city-utility,—,410
/edmonton/edmonton-vs-vancouver/,10,0,DELETE,city-misc,—,410
/immigrate/express-entry/,10,0,KEEP,service,/immigrate/express-entry/,—
/vancouver/how-to-save-money-in-vancouver/,10,0,DELETE,city-utility,—,410
/faqs/can-i-be-a-dual-citizen/,9,0,CONSOLIDATE,faq-thin,/faqs/,301
/vancouver/immigration-consultant-vancouver/,9,0,KEEP,local-service,/immigration-consultant-vancouver/,—
/blog/new-immigration-pathways-canada-2025/,8,0,DELETE,blog-news-trivia,—,410
/calgary/is-calgary-a-good-place-to-live/,8,0,CONSOLIDATE,city-relocation,/move-to-canada/calgary/,301
/faqs/ghost-consultant/,8,0,KEEP,faq,/faqs/ghost-consultant/,—
/faqs/what-is-the-cut-off-age-to-move-to-canada/,8,0,CONSOLIDATE,faq-thin,/faqs/,301
/immigrate/canadian-citizenship/,8,0,KEEP,service,/immigrate/canadian-citizenship/,—
/vancouver/do-you-need-a-car-in-vancouver/,7,0,DELETE,city-utility,—,410
/work/international-experience-canada/,7,0,KEEP,service,/work/international-experience-canada/,—
/work-in-canada/,6,0,CONSOLIDATE,service,/work/,301
/canadian-super-visa/,5,0,KEEP,service,/visit/super-visa/,—
/work/bridging-open-work-permit/,5,0,KEEP,service,/work/bridging-open-work-permit/,—
/work/labour-market-impact-assessment/,5,0,KEEP,service,/work/lmia/,—
/canadian-tourist-visa/,4,0,KEEP,service,/visit/tourist-visa/,—
/study/can-i-work-24-hours-as-a-student-in-canada/,4,0,KEEP,service,/study/,—
/work/intra-company-transfers/,4,0,KEEP,service,/work/intra-company-transfers/,—
/consultation/,3,0,KEEP,core,/consultation/,—
/immigrate/british-columbia-provincial-nominee-program/,2,0,KEEP,service,/immigrate/bc-pnp/,—
/immigrate/permanent-residence/,2,0,KEEP,service,/immigrate/,—
/study/,1,0,KEEP,service,/study/,—
/work/post-graduation-work-permit/,1,0,KEEP,service,/work/post-graduation-work-permit/,—
/accordion-panels/,0,0,DELETE,wp-artifact,—,noindex
/alberta-advantage-immigration-program/alberta-express-entry-stream/,0,0,KEEP,service,/immigrate/aaip/alberta-express-entry-stream/,—
/blog/,0,0,DELETE,blog-news-trivia,—,410
/blog/12-reasons-to-move-to-canada/,0,0,DELETE,blog-news-trivia,—,410
/blog/2024-pgwp-eligibility-guidelines/,0,0,DELETE,blog-news-trivia,—,410
/blog/209-family-physicians-invited-by-ontario/,0,0,DELETE,blog-news-trivia,—,410
/blog/a-helpful-post-arrival-checklist-for-newcomers/,0,0,DELETE,blog-news-trivia,—,410
/blog/alberta-to-nominate-immigrants/,0,0,DELETE,blog-news-trivia,—,410
/blog/canada-cuts-immigration-targets-2025/,0,0,DELETE,blog-news-trivia,—,410
/blog/canada-express-entry-draw-400-cec-invitations-crs-547/,0,0,DELETE,blog-news-trivia,—,410
/blog/canada-new-pnp-draw-1613-invitations/,0,0,DELETE,blog-news-trivia,—,410
/blog/canada-parents-and-grandparents-program-2022/,0,0,DELETE,blog-news-trivia,—,410
/blog/canada-ranks-7th-most-advanced-countries-2024/,0,0,DELETE,blog-news-trivia,—,410
/blog/canada-reduces-sowp-eligibility/,0,0,DELETE,blog-news-trivia,—,410
/blog/canada-skilled-trades-crisis-economic-impact-solutions/,0,0,DELETE,blog-news-trivia,—,410
/blog/canada-top-5-globally-work-life-balance-2024/,0,0,DELETE,blog-news-trivia,—,410
/blog/canadas-population-predicted-2073/,0,0,DELETE,blog-news-trivia,—,410
/blog/express-entry-changes-2024/,0,0,DELETE,blog-news-trivia,—,410
/blog/express-entry-draw-2024/,0,0,DELETE,blog-news-trivia,—,410
/blog/express-entry-draw-317-october-2024-cec/,0,0,DELETE,blog-news-trivia,—,410
/blog/express-entry-draw-327-healthcare-workers-2024/,0,0,DELETE,blog-news-trivia,—,410
/blog/faster-judicial-review-refused-study-permits/,0,0,DELETE,blog-news-trivia,—,410
/blog/how-much-do-canadian-doctors-make/,0,0,DELETE,blog-news-trivia,—,410
/blog/how-much-does-a-medical-receptionist-make-in-canada/,0,0,DELETE,blog-news-trivia,—,410
/blog/immigration-minister-changes-pr-levels/,0,0,DELETE,blog-news-trivia,—,410
/blog/international-experience-canada-2024-deadline/,0,0,DELETE,blog-news-trivia,—,410
/blog/is-alberta-a-good-place-to-live/,0,0,DELETE,blog-news-trivia,—,410
/blog/july-2024-bcs-latest-pnp-draw/,0,0,DELETE,blog-news-trivia,—,410
/blog/move-to-banff/,0,0,DELETE,blog-news-trivia,—,410
/blog/moving-to-canada-2024-election-guide/,0,0,DELETE,blog-news-trivia,—,410
/blog/new-canadian-immigration-levels-plan-2023-2025/,0,0,DELETE,blog-news-trivia,—,410
/blog/new-limits-temporary-workers-canada-2024/,0,0,DELETE,blog-news-trivia,—,410
/blog/new-minimum-wage-rates-ontario-three-provinces-2024/,0,0,DELETE,blog-news-trivia,—,410
/blog/new-pathway-for-skilled-refugees/,0,0,DELETE,blog-news-trivia,—,410
/blog/new-rule-no-work-permits-for-visitors-canada-2024/,0,0,DELETE,blog-news-trivia,—,410
/blog/november-18-2024-express-entry-draw/,0,0,DELETE,blog-news-trivia,—,410
/blog/permanent-residence-semi-skilled-workers-canada/,0,0,DELETE,blog-news-trivia,—,410
/blog/pgwp-extension-2023/,0,0,DELETE,blog-news-trivia,—,410
/blog/top-10-countries-shaping-canadas-workforce/,0,0,DELETE,blog-news-trivia,—,410
/blog/trucking-industry-lmia-abuse/,0,0,DELETE,blog-news-trivia,—,410
/blog/trudeau-steps-down/,0,0,DELETE,blog-news-trivia,—,410
/blog/trump-impact-immigration-canada-trade-economic-relations/,0,0,DELETE,blog-news-trivia,—,410
/blog/two-canadian-cities-in-top-livability-rankings/,0,0,DELETE,blog-news-trivia,—,410
/blog/virtual-job-fair-for-bilingual-candidates-canada/,0,0,DELETE,blog-news-trivia,—,410
/blog/work-in-canada-without-an-lmia/,0,0,DELETE,blog-news-trivia,—,410
/calgary/fun-activities-in-calgary/,0,0,DELETE,city-utility,—,410
/calgary/living-in-calgary/,0,0,CONSOLIDATE,city-relocation,/move-to-canada/calgary/,301
/calgary/moving-to-calgary-from-vancouver/,0,0,CONSOLIDATE,city-relocation,/move-to-canada/calgary/,301
/calgary/moving-to-calgary/,0,0,CONSOLIDATE,city-relocation,/move-to-canada/calgary/,301
/canadian-city-guides/,0,0,DELETE,city-hub,—,410
/canmore/best-restaurants-in-canmore/,0,0,DELETE,city-utility,—,410
/canmore/canmore-hostel-options/,0,0,DELETE,city-utility,—,410
/canmore/canmore-realtor/,0,0,DELETE,city-utility,—,410
/canmore/canmore-skiing/,0,0,DELETE,city-utility,—,410
/city-guides/calgary/,0,0,DELETE,city-hub,—,410
/city-guides/canmore/,0,0,DELETE,city-hub,—,410
/city-guides/edmonton/,0,0,DELETE,city-hub,—,410
/city-guides/toronto/,0,0,DELETE,city-hub,—,410
/city-guides/vancouver/,0,0,DELETE,city-hub,—,410
/creative-persona/,0,0,DELETE,wp-artifact,—,noindex
/creative-software/,0,0,DELETE,wp-artifact,—,noindex
/edmonton/cost-of-living-in-edmonton/,0,0,CONSOLIDATE,city-relocation,/move-to-canada/edmonton/,301
/edmonton/immigration-consultant-edmonton/,0,0,KEEP,local-service,/immigration-consultant-edmonton/,—
/edmonton/moving-to-edmonton/,0,0,CONSOLIDATE,city-relocation,/move-to-canada/edmonton/,301
/express-entry/canadian-experience-class/,0,0,CONSOLIDATE,service,/immigrate/express-entry/,301
/express-entry/federal-skilled-trades/,0,0,CONSOLIDATE,service,/immigrate/express-entry/,301
/express-entry/federal-skilled-worker/,0,0,CONSOLIDATE,service,/immigrate/express-entry/,301
/express-entry/latest-express-entry-draw/,0,0,CONSOLIDATE,service,/immigrate/express-entry/,301
/faqs/,0,0,CONSOLIDATE,faq-thin,/faqs/,301
/faqs/10-reasons-for-moving-to-canada/,0,0,CONSOLIDATE,faq-thin,/faqs/,301
/faqs/5-easiest-ways-to-immigrate-to-canada-2024/,0,0,CONSOLIDATE,faq-thin,/faqs/,301
/faqs/advantages-of-canadian-citizenship/,0,0,CONSOLIDATE,faq-thin,/faqs/,301
/faqs/benefits-of-permanent-residency-in-canada/,0,0,CONSOLIDATE,faq-thin,/faqs/,301
/faqs/canada-super-visa-processing-time-guide/,0,0,CONSOLIDATE,faq-thin,/faqs/,301
/faqs/canadian-immigration-consultant-role/,0,0,CONSOLIDATE,faq-thin,/faqs/,301
/faqs/celpip-vs-ielts/,0,0,CONSOLIDATE,faq-thin,/faqs/,301
/faqs/common-mistakes-made-on-spousal-sponsorship-application-2024/,0,0,CONSOLIDATE,faq-thin,/faqs/,301
/faqs/do-i-need-an-immigration-lawyer-to-move-to-canada/,0,0,CONSOLIDATE,faq-thin,/faqs/,301
/faqs/how-to-choose-a-canadian-immigration-consultant/,0,0,CONSOLIDATE,faq-thin,/faqs/,301
/faqs/how-to-renew-canadian-passport-2024/,0,0,CONSOLIDATE,faq-thin,/faqs/,301
/faqs/immigration-consultant-vs-lawyer/,0,0,CONSOLIDATE,faq-thin,/faqs/,301
/faqs/lmia-employer-requirements-canada/,0,0,CONSOLIDATE,faq-thin,/faqs/,301
/faqs/lmia-process/,0,0,CONSOLIDATE,faq-thin,/faqs/,301
/faqs/pnp-vs-express-entry/,0,0,CONSOLIDATE,faq-thin,/faqs/,301
/faqs/positive-labour-market-impact-assessment-guide/,0,0,CONSOLIDATE,faq-thin,/faqs/,301
/faqs/top-10-highest-paying-jobs-in-canada-2024/,0,0,CONSOLIDATE,faq-thin,/faqs/,301
/faqs/top-10-safest-cities-in-canada-2024/,0,0,CONSOLIDATE,faq-thin,/faqs/,301
/faqs/what-is-flagpoling/,0,0,CONSOLIDATE,faq-thin,/faqs/,301
/faqs/what-is-maintained-status/,0,0,CONSOLIDATE,faq-thin,/faqs/,301
/partners/,0,0,KEEP,core,/about/#team,—
/popups/,0,0,DELETE,wp-artifact,—,noindex
/portfolio-agency/,0,0,DELETE,wp-artifact,—,noindex
/privacy-policy/,0,0,KEEP,legal,/privacy-policy/,—
/resources/express-entry-download/,0,0,KEEP,guide,/guides/express-entry-download/,—
/resources/express-entry-ebook/,0,0,KEEP,guide,/guides/express-entry-ebook/,—
/services/immigrate-to-alberta/,0,0,CONSOLIDATE,services,/,301
/services/labour-market-impact-assessment/,0,0,CONSOLIDATE,services,/,301
/terms-of-use/,0,0,KEEP,legal,/terms-of-use/,—
/toronto/best-neighborhoods-in-toronto/,0,0,CONSOLIDATE,city-relocation,/move-to-canada/toronto/,301
/toronto/cost-of-life-toronto/,0,0,DELETE,city-misc,—,410
/toronto/immigration-consultant-toronto/,0,0,KEEP,local-service,/immigration-consultant-toronto/,—
/vancouver/is-calgary-easy-for-pr/,0,0,DELETE,city-misc,—,410
/vancouver/is-calgary-immigrant-friendly/,0,0,DELETE,city-misc,—,410
/vancouver/moving-to-vancouver/,0,0,CONSOLIDATE,city-relocation,/move-to-canada/vancouver/,301
/vancouver/vancouver-neighbourhoods/,0,0,CONSOLIDATE,city-relocation,/move-to-canada/vancouver/,301
/vancouver/what-is-the-minimum-wage-in-vancouver/,0,0,DELETE,city-misc,—,410
/visitor/,0,0,KEEP,service,/visit/tourist-visa/,—